vessel_identity,section_title,subsection,item_label,value,details,canvas_fragment,image
1st Class Sloop,Tacking & Wearing,General,Signal & Conn,1,Qr Master,,0001_service:mss:mss23044:mss23044-022:01:0224.jpg
1st Class Sloop,Tacking & Wearing,General,Wheel,1,Qr Master,,0001_service:mss:mss23044:mss23044-022:01:0224.jpg
1st Class Sloop,Tacking & Wearing,General,Forecastleman,1,Wheel,,0001_service:mss:mss23044:mss23044-022:01:0224.jpg
1st Class Sloop,Tacking & Wearing,General,Messengers,2,,,0001_service:mss:mss23044:mss23044-022:01:0224.jpg
1st Class Sloop,Tacking & Wearing,General,Forecastle,1 B M & Nos 1 to 20,inclusive,,0001_service:mss:mss23044:mss23044-022:01:0224.jpg
1st Class Sloop,Tacking & Wearing,General,Fore Mast,"30, 29",M M,,0001_service:mss:mss23044:mss23044-022:01:0224.jpg
1st Class Sloop,Tacking & Wearing,General,Fore Top,"32, 52, 31, 51",Capt OS,,0001_service:mss:mss23044:mss23044-022:01:0224.jpg
1st Class Sloop,Tacking & Wearing,General,Main Mast,"158 B M; 92, 91, M M",In wearing to brail up & set Fore Trysail,,0001_service:mss:mss23044:mss23044-022:01:0224.jpg
1st Class Sloop,Tacking & Wearing,General,Marines,2 part 207 to 216,inclusive,,0001_service:mss:mss23044:mss23044-022:01:0224.jpg
1st Class Sloop,Tacking & Wearing,General,Main Top,60,Captain,,0002_service:mss:mss23044:mss23044-022:01:0225.jpg
1st Class Sloop,Tacking & Wearing,General,OS,70,Main Top,,0002_service:mss:mss23044:mss23044-022:01:0225.jpg
1st Class Sloop,Tacking & Wearing,General,Main Top,59,Captain,,0002_service:mss:mss23044:mss23044-022:01:0225.jpg
1st Class Sloop,Tacking & Wearing,General,OS,69,Main Top,,0002_service:mss:mss23044:mss23044-022:01:0225.jpg
1st Class Sloop,Tacking & Wearing,General,Mizen Top Bowline & weather & Jack Braces,"124, 123",both AG & OS,,0002_service:mss:mss23044:mss23044-022:01:0225.jpg
1st Class Sloop,Tacking & Wearing,General,Miz Top 2 part,103 to 110,inclusive,,0002_service:mss:mss23044:mss23044-022:01:0225.jpg
1st Class Sloop,Tacking & Wearing,General,Messengers,153 to 156,inclusive,,0002_service:mss:mss23044:mss23044-022:01:0225.jpg
1st Class Sloop,Tacking & Wearing,General,Miz Top 1st part,"95, 96, 99, 100, 101, 102","Man Lee Miz T-sail, Top Gallt & Royal Braces",,0002_service:mss:mss23044:mss23044-022:01:0225.jpg
1st Class Sloop,Tacking & Wearing,General,Main Brace,"118, 117",Capts AG,,0002_service:mss:mss23044:mss23044-022:01:0225.jpg
1st Class Sloop,Tacking & Wearing,General,"Main T-sail, Top Gallt & Royal Braces","164, 163","Qr [See AG 134, 133]",,0002_service:mss:mss23044:mss23044-022:01:0225.jpg
1st Class Sloop,Tacking & Wearing,General,weather Main Brace,"117, 118, 135, 136, 137, 138, 139, 140, 141, 142",AG,,0002_service:mss:mss23044:mss23044-022:01:0225.jpg
1st Class Sloop,Tacking & Wearing,General,Marines,196 to 204,inclusive,,0002_service:mss:mss23044:mss23044-022:01:0225.jpg
1st Class Sloop,Tacking & Wearing,General,Stopper Main Brace,"98, 97",both OS of Miz Top,,0002_service:mss:mss23044:mss23044-022:01:0225.jpg
1st Class Sloop,Tacking & Wearing,General,"weather Main T-sail, Top Gallt, & Royal Braces","61 to 68, 71, 72",MT 1 part inclusive,,0002_service:mss:mss23044:mss23044-022:01:0225.jpg
1st Class Sloop,Tacking & Wearing,General,Marines,"205, 206, 217, 218, 219","then to weather Fore T-sail, Top Gallt & Royal Braces",,0002_service:mss:mss23044:mss23044-022:01:0225.jpg
1st Class Sloop,Tacking & Wearing,General,Mizen Mast,159,BM,,0002_service:mss:mss23044:mss23044-022:01:0225.jpg
1st Class Sloop,Tacking & Wearing,General,Mizen Mast,"134, 133",Miz Top,,0002_service:mss:mss23044:mss23044-022:01:0225.jpg
1st Class Sloop,Tacking & Wearing,General,Miz Top,94,both Capts,,0002_service:mss:mss23044:mss23044-022:01:0225.jpg
1st Class Sloop,Tacking & Wearing,General,Spanker Sheet & Vang,"97, 98",Miz Top,,0002_service:mss:mss23044:mss23044-022:01:0225.jpg
1st Class Sloop,General Duty,General,Marines,195,Sergt,,0002_service:mss:mss23044:mss23044-022:01:0225.jpg
1st Class Sloop,General Duty,General,Cabin,180,Capt Stewd,,0002_service:mss:mss23044:mss23044-022:01:0225.jpg
1st Class Sloop,General Duty,General,Berth Deck,175,Mast Arms,,0002_service:mss:mss23044:mss23044-022:01:0225.jpg
1st Class Sloop,General Duty,General,Berth Deck,176,Ordy Sergt,,0002_service:mss:mss23044:mss23044-022:01:0225.jpg
1st Class Sloop,General Duty,General,Berth Deck,177,Surgeon Stewd,,0002_service:mss:mss23044:mss23044-022:01:0225.jpg
1st Class Sloop,General Duty,General,Store Rooms,181,Yeo,,0002_service:mss:mss23044:mss23044-022:01:0225.jpg
Frigate,Watch-bill,Forecastle,Capt,1,"Port Watch, 1st Part",,0003_service:mss:mss23044:mss23044-022:01:0226.jpg
Frigate,Watch-bill,Forecastle,Cox,1,"Port Watch, 1st Part",,0003_service:mss:mss23044:mss23044-022:01:0226.jpg
Frigate,Watch-bill,Forecastle,Seamen,6,"Port Watch, 1st Part",,0003_service:mss:mss23044:mss23044-022:01:0226.jpg
Frigate,Watch-bill,Forecastle,OS,6,"Port Watch, 1st Part",,0003_service:mss:mss23044:mss23044-022:01:0226.jpg
Frigate,Watch-bill,Forecastle,Land,1,"Port Watch, 1st Part",,0003_service:mss:mss23044:mss23044-022:01:0226.jpg
Frigate,Watch-bill,Forecastle,Capt,1,"Port Watch, 2d Part",,0003_service:mss:mss23044:mss23044-022:01:0226.jpg
Frigate,Watch-bill,Forecastle,Sea,7,"Port Watch, 2d Part",,0003_service:mss:mss23044:mss23044-022:01:0226.jpg
Frigate,Watch-bill,Forecastle,OS,6,"Port Watch, 2d Part",,0003_service:mss:mss23044:mss23044-022:01:0226.jpg
Frigate,Watch-bill,Forecastle,Land,1,"Port Watch, 2d Part",,0003_service:mss:mss23044:mss23044-022:01:0226.jpg
Frigate,Watch-bill,Forecastle,Capt,1,"Starboard Watch, 1st Part",,0003_service:mss:mss23044:mss23044-022:01:0226.jpg
Frigate,Watch-bill,Forecastle,Cox,1,"Starboard Watch, 1st Part",,0003_service:mss:mss23044:mss23044-022:01:0226.jpg
Frigate,Watch-bill,Forecastle,Sea,6,"Starboard Watch, 1st Part",,0003_service:mss:mss23044:mss23044-022:01:0226.jpg
Frigate,Watch-bill,Forecastle,OS,6,"Starboard Watch, 1st Part",,0003_service:mss:mss23044:mss23044-022:01:0226.jpg
Frigate,Watch-bill,Forecastle,Land,1,"Starboard Watch, 1st Part",,0003_service:mss:mss23044:mss23044-022:01:0226.jpg
Frigate,Watch-bill,Forecastle,Capt,1,"Starboard Watch, 2d Part",,0003_service:mss:mss23044:mss23044-022:01:0226.jpg
Frigate,Watch-bill,Forecastle,Sea,7,"Starboard Watch, 2d Part",,0003_service:mss:mss23044:mss23044-022:01:0226.jpg
Frigate,Watch-bill,Forecastle,OS,6,"Starboard Watch, 2d Part",,0003_service:mss:mss23044:mss23044-022:01:0226.jpg
Frigate,Watch-bill,Forecastle,Land,1,"Starboard Watch, 2d Part",,0003_service:mss:mss23044:mss23044-022:01:0226.jpg
Frigate,Watch-bill,Fore Mastmen,Seamen,4,"2 in each watch, 1 in each part",,0003_service:mss:mss23044:mss23044-022:01:0226.jpg
Frigate,Watch-bill,Fore Topmen,Capt,1,"Port Watch, 1st Part",,0003_service:mss:mss23044:mss23044-022:01:0226.jpg
Frigate,Watch-bill,Fore Topmen,Sea,5,"Port Watch, 1st Part",,0003_service:mss:mss23044:mss23044-022:01:0226.jpg
Frigate,Watch-bill,Fore Topmen,OS,6,"Port Watch, 1st Part",,0003_service:mss:mss23044:mss23044-022:01:0226.jpg
Frigate,Watch-bill,Fore Topmen,Boys,2,"Port Watch, 1st Part",,0003_service:mss:mss23044:mss23044-022:01:0226.jpg
Frigate,Watch-bill,Fore Topmen,Cox,1,"Port Watch, 2d Part",,0003_service:mss:mss23044:mss23044-022:01:0226.jpg
Frigate,Watch-bill,Fore Topmen,Sea,6,"Port Watch, 2d Part",,0003_service:mss:mss23044:mss23044-022:01:0226.jpg
Frigate,Watch-bill,Fore Topmen,OS,5,"Port Watch, 2d Part",,0003_service:mss:mss23044:mss23044-022:01:0226.jpg
Frigate,Watch-bill,Fore Topmen,Boys,2,"Port Watch, 2d Part",,0003_service:mss:mss23044:mss23044-022:01:0226.jpg
Frigate,Watch-bill,Fore Topmen,Capt,1,"Starboard Watch, 1st Part",,0003_service:mss:mss23044:mss23044-022:01:0226.jpg
Frigate,Watch-bill,Fore Topmen,Sea,5,"Starboard Watch, 1st Part",,0003_service:mss:mss23044:mss23044-022:01:0226.jpg
Frigate,Watch-bill,Fore Topmen,OS,6,"Starboard Watch, 1st Part",,0003_service:mss:mss23044:mss23044-022:01:0226.jpg
Frigate,Watch-bill,Fore Topmen,Boys,2,"Starboard Watch, 1st Part",,0003_service:mss:mss23044:mss23044-022:01:0226.jpg
Frigate,Watch-bill,Fore Topmen,Cox,1,"Starboard Watch, 2d Part",,0003_service:mss:mss23044:mss23044-022:01:0226.jpg
Frigate,Watch-bill,Fore Topmen,Sea,6,"Starboard Watch, 2d Part",,0003_service:mss:mss23044:mss23044-022:01:0226.jpg
Frigate,Watch-bill,Fore Topmen,OS,5,"Starboard Watch, 2d Part",,0003_service:mss:mss23044:mss23044-022:01:0226.jpg
Frigate,Watch-bill,Fore Topmen,Boys,2,"Starboard Watch, 2d Part",,0003_service:mss:mss23044:mss23044-022:01:0226.jpg
Frigate,Watch-bill,Main Topmen,Capt,1,"Port Watch, 1st Part",,0003_service:mss:mss23044:mss23044-022:01:0226.jpg
Frigate,Watch-bill,Main Topmen,Sea,6,"Port Watch, 1st Part",,0003_service:mss:mss23044:mss23044-022:01:0226.jpg
Frigate,Watch-bill,Main Topmen,OS,6,"Port Watch, 1st Part",,0003_service:mss:mss23044:mss23044-022:01:0226.jpg
Frigate,Watch-bill,Main Topmen,Boys,2,"Port Watch, 1st Part",,0003_service:mss:mss23044:mss23044-022:01:0226.jpg
Frigate,Watch-bill,Main Topmen,Cox,1,"Port Watch, 2d Part",,0003_service:mss:mss23044:mss23044-022:01:0226.jpg
Frigate,Watch-bill,Main Topmen,Sea,6,"Port Watch, 2d Part",,0003_service:mss:mss23044:mss23044-022:01:0226.jpg
Frigate,Watch-bill,Main Topmen,OS,6,"Port Watch, 2d Part",,0003_service:mss:mss23044:mss23044-022:01:0226.jpg
Frigate,Watch-bill,Main Topmen,Boys,2,"Port Watch, 2d Part",,0003_service:mss:mss23044:mss23044-022:01:0226.jpg
Frigate,Watch-bill,Main Topmen,Capt,1,"Starboard Watch, 1st Part",,0003_service:mss:mss23044:mss23044-022:01:0226.jpg
Frigate,Watch-bill,Main Topmen,Sea,6,"Starboard Watch, 1st Part",,0003_service:mss:mss23044:mss23044-022:01:0226.jpg
Frigate,Watch-bill,Main Topmen,OS,6,"Starboard Watch, 1st Part",,0003_service:mss:mss23044:mss23044-022:01:0226.jpg
Frigate,Watch-bill,Main Topmen,Boys,2,"Starboard Watch, 1st Part",,0003_service:mss:mss23044:mss23044-022:01:0226.jpg
Frigate,Watch-bill,Main Topmen,Cox,1,"Starboard Watch, 2d Part",,0003_service:mss:mss23044:mss23044-022:01:0226.jpg
Frigate,Watch-bill,Main Topmen,Sea,6,"Starboard Watch, 2d Part",,0003_service:mss:mss23044:mss23044-022:01:0226.jpg
Frigate,Watch-bill,Main Topmen,OS,6,"Starboard Watch, 2d Part",,0003_service:mss:mss23044:mss23044-022:01:0226.jpg
Frigate,Watch-bill,Main Topmen,Boys,2,"Starboard Watch, 2d Part",,0003_service:mss:mss23044:mss23044-022:01:0226.jpg
Frigate,Watch-bill,Main Mastmen,Main Mastmen,Same as Fore Mastmen,"Number, rate, and disposition",,0003_service:mss:mss23044:mss23044-022:01:0226.jpg
Frigate,Watch-bill,Mizen Topmen,Capt,1,"Port Watch, 1st Part",,0003_service:mss:mss23044:mss23044-022:01:0226.jpg
Frigate,Watch-bill,Mizen Topmen,Sea,3,"Port Watch, 1st Part",,0003_service:mss:mss23044:mss23044-022:01:0226.jpg
Frigate,Watch-bill,Mizen Topmen,OS,4,"Port Watch, 1st Part",,0003_service:mss:mss23044:mss23044-022:01:0226.jpg
Frigate,Watch-bill,Mizen Topmen,Boys,2,"Port Watch, 1st Part",,0003_service:mss:mss23044:mss23044-022:01:0226.jpg
Frigate,Watch-bill,Mizen Topmen,Cox,1,"Port Watch, 2d Part",,0003_service:mss:mss23044:mss23044-022:01:0226.jpg
Frigate,Watch-bill,Mizen Topmen,Sea,3,"Port Watch, 2d Part",,0003_service:mss:mss23044:mss23044-022:01:0226.jpg
Frigate,Watch-bill,Mizen Topmen,OS,4,"Port Watch, 2d Part",,0003_service:mss:mss23044:mss23044-022:01:0226.jpg
Frigate,Watch-bill,Mizen Topmen,Boys,2,"Port Watch, 2d Part",,0003_service:mss:mss23044:mss23044-022:01:0226.jpg
Frigate,Watch-bill,Mizen Topmen,Capt,1,"Starboard Watch, 1st Part",,0003_service:mss:mss23044:mss23044-022:01:0226.jpg
Frigate,Watch-bill,Mizen Topmen,Sea,3,"Starboard Watch, 1st Part",,0003_service:mss:mss23044:mss23044-022:01:0226.jpg
Frigate,Watch-bill,Mizen Topmen,OS,4,"Starboard Watch, 1st Part",,0003_service:mss:mss23044:mss23044-022:01:0226.jpg
Frigate,Watch-bill,Mizen Topmen,Boys,2,"Starboard Watch, 1st Part",,0003_service:mss:mss23044:mss23044-022:01:0226.jpg
Frigate,Watch-bill,Mizen Topmen,Cox,1,"Starboard Watch, 2d Part",,0003_service:mss:mss23044:mss23044-022:01:0226.jpg
Frigate,Watch-bill,Mizen Topmen,Sea,3,"Starboard Watch, 2d Part",,0003_service:mss:mss23044:mss23044-022:01:0226.jpg
Frigate,Watch-bill,Mizen Topmen,OS,4,"Starboard Watch, 2d Part",,0003_service:mss:mss23044:mss23044-022:01:0226.jpg
Frigate,Watch-bill,Mizen Topmen,Boys,2,"Starboard Watch, 2d Part",,0003_service:mss:mss23044:mss23044-022:01:0226.jpg
Frigate,Watch-bill,Mizen Mastmen,Seaman,2,1 in the first part of each watch,,0003_service:mss:mss23044:mss23044-022:01:0226.jpg
Frigate,Watch-bill,After Guard,Capt,1,"Port Watch, 1st Part",,0003_service:mss:mss23044:mss23044-022:01:0226.jpg
Frigate,Watch-bill,After Guard,Sea,1,"Port Watch, 1st Part",,0003_service:mss:mss23044:mss23044-022:01:0226.jpg
Frigate,Watch-bill,After Guard,OS,6,"Port Watch, 1st Part",,0003_service:mss:mss23044:mss23044-022:01:0226.jpg
Frigate,Watch-bill,After Guard,Land,19,"Port Watch, 1st Part",,0003_service:mss:mss23044:mss23044-022:01:0226.jpg
Frigate,Watch-bill,After Guard,Sea,3,"Port Watch, 2d Part",,0003_service:mss:mss23044:mss23044-022:01:0226.jpg
Frigate,Watch-bill,After Guard,OS,6,"Port Watch, 2d Part",,0003_service:mss:mss23044:mss23044-022:01:0226.jpg
Frigate,Watch-bill,After Guard,Land,18,"Port Watch, 2d Part",,0003_service:mss:mss23044:mss23044-022:01:0226.jpg
Frigate,Watch-bill,After Guard,Capt,1,"Starboard Watch, 1st Part",,0003_service:mss:mss23044:mss23044-022:01:0226.jpg
Frigate,Watch-bill,After Guard,Sea,1,"Starboard Watch, 1st Part",,0003_service:mss:mss23044:mss23044-022:01:0226.jpg
Frigate,Watch-bill,After Guard,OS,6,"Starboard Watch, 1st Part",,0003_service:mss:mss23044:mss23044-022:01:0226.jpg
Frigate,Watch-bill,After Guard,Land,19,"Starboard Watch, 1st Part",,0003_service:mss:mss23044:mss23044-022:01:0226.jpg
Frigate,Watch-bill,After Guard,Sea,3,"Starboard Watch, 2d Part",,0003_service:mss:mss23044:mss23044-022:01:0226.jpg
Frigate,Watch-bill,After Guard,OS,6,"Starboard Watch, 2d Part",,0003_service:mss:mss23044:mss23044-022:01:0226.jpg
Frigate,Watch-bill,After Guard,Land,18,"Starboard Watch, 2d Part",,0003_service:mss:mss23044:mss23044-022:01:0226.jpg
Frigate,Watch-bill,Messenger & Sideboys,Messenger & Sideboys,10,"3 in 1st part of each watch, 2 in 2d part",,0003_service:mss:mss23044:mss23044-022:01:0226.jpg
Frigate,Watch-bill,Messenger & Sideboys,Boatswains mates,4,placed,,0003_service:mss:mss23044:mss23044-022:01:0226.jpg
Frigate,Watch-bill,Messenger & Sideboys,Masters,1,placed,,0003_service:mss:mss23044:mss23044-022:01:0226.jpg
Frigate,Watch-bill,Messenger & Sideboys,Gunners mates,2,placed,,0003_service:mss:mss23044:mss23044-022:01:0226.jpg
Frigate,Watch-bill,Messenger & Sideboys,Qr Gunners,12,placed,,0003_service:mss:mss23044:mss23044-022:01:0226.jpg
Frigate,Watch-bill,Messenger & Sideboys,Carp's mates,2,placed,,0003_service:mss:mss23044:mss23044-022:01:0226.jpg
Frigate,Watch-bill,Messenger & Sideboys,Sailmakers mates,1,placed,,0003_service:mss:mss23044:mss23044-022:01:0226.jpg
Frigate,Watch-bill,Messenger & Sideboys,Armorer,1,placed,,0003_service:mss:mss23044:mss23044-022:01:0226.jpg
Frigate,Watch-bill,Messenger & Sideboys,Cooper,1,placed,,0003_service:mss:mss23044:mss23044-022:01:0226.jpg
Frigate,Watch-bill,Messenger & Sideboys,Painter,1,placed,,0003_service:mss:mss23044:mss23044-022:01:0226.jpg
Frigate,Watch-bill,Idlers,Yeo,1,Idlers,,0003_service:mss:mss23044:mss23044-022:01:0226.jpg
Frigate,Watch-bill,Idlers,Ships Corporals,2,Idlers,,0003_service:mss:mss23044:mss23044-022:01:0226.jpg
Frigate,Watch-bill,Idlers,Ships Steward,1,Idlers,,0003_service:mss:mss23044:mss23044-022:01:0226.jpg
Frigate,Watch-bill,Idlers,Capts Stewd,1,Idlers,,0003_service:mss:mss23044:mss23044-022:01:0226.jpg
Frigate,Watch-bill,Idlers,Capts Cooks,2,Idlers,,0003_service:mss:mss23044:mss23044-022:01:0226.jpg
Frigate,Watch-bill,Idlers,Master Band,1,Idlers,,0003_service:mss:mss23044:mss23044-022:01:0226.jpg
Frigate,Watch-bill,Idlers,Ward R Cook,1,Idlers,,0003_service:mss:mss23044:mss23044-022:01:0226.jpg
Frigate,Watch-bill,Idlers,Master Arms,1,Idlers,,0003_service:mss:mss23044:mss23044-022:01:0226.jpg
Frigate,Watch-bill,Idlers,Ships Cook,1,Idlers,,0003_service:mss:mss23044:mss23044-022:01:0226.jpg
Frigate,Watch-bill,Idlers,W R Stewd,1,Idlers,,0003_service:mss:mss23044:mss23044-022:01:0226.jpg
Frigate,Watch-bill,Idlers,Sergnt Stewd,1,Idlers,,0003_service:mss:mss23044:mss23044-022:01:0226.jpg
Frigate,Watch-bill,Idlers,Capts Cook,1,Idlers,,0003_service:mss:mss23044:mss23044-022:01:0226.jpg
Frigate,Watch-bill,Idlers,Bandsmen,10,Idlers,,0003_service:mss:mss23044:mss23044-022:01:0226.jpg
Frigate,Watch-bill,Idlers,Sergt of Marines,1,Idlers,,0003_service:mss:mss23044:mss23044-022:01:0226.jpg
St. Lawrence,Armament,Main Deck,32-pdr,20,57 cwt,,0004_service:mss:mss23044:mss23044-022:01:0227.jpg
St. Lawrence,Armament,Main Deck,8-in,10,63 cwt,,0004_service:mss:mss23044:mss23044-022:01:0227.jpg
St. Lawrence,Armament,Spar Deck,32-pdr,16,33 cwt,,0004_service:mss:mss23044:mss23044-022:01:0227.jpg
St. Lawrence,Armament,Spar Deck,32-pdr,4,57 cwt,,0004_service:mss:mss23044:mss23044-022:01:0227.jpg
Sabine,Armament,Spar Deck,64-pdr pivots,2,12000 lbs each,,0004_service:mss:mss23044:mss23044-022:01:0227.jpg
Sabine,Armament,Spar Deck,32-pdr,18,33 cwt,,0004_service:mss:mss23044:mss23044-022:01:0227.jpg
Sabine,Armament,Main Deck,32-pdr,18,57 cwt,,0004_service:mss:mss23044:mss23044-022:01:0227.jpg
Sabine,Armament,Main Deck,8-in,10,63 cwt,,0004_service:mss:mss23044:mss23044-022:01:0227.jpg
Merrimac,Armament,Spar Deck,10-in,2,12000 lbs,,0004_service:mss:mss23044:mss23044-022:01:0227.jpg
Merrimac,Armament,Spar Deck,8-in,14,63 cwt,,0004_service:mss:mss23044:mss23044-022:01:0227.jpg
Merrimac,Armament,Gun Deck,9-in,24,9000 lbs,,0004_service:mss:mss23044:mss23044-022:01:0227.jpg
Wabash,Armament,Spar Deck,10-in,2,12000 lbs,,0004_service:mss:mss23044:mss23044-022:01:0227.jpg
Wabash,Armament,Spar Deck,8-in,14,63 cwt,,0004_service:mss:mss23044:mss23044-022:01:0227.jpg
Wabash,Armament,Gun Deck,9-in,24,9000 lbs,,0004_service:mss:mss23044:mss23044-022:01:0227.jpg
Roanoke & Colarado,Armament,General,Armament,Same as Merrimac & Wabash,N/A,,0004_service:mss:mss23044:mss23044-022:01:0227.jpg
Minnesota,Armament,Spar Deck,10-in,1,12000 lbs,,0004_service:mss:mss23044:mss23044-022:01:0227.jpg
Minnesota,Armament,Spar Deck,8-in,14,63 cwt,,0004_service:mss:mss23044:mss23044-022:01:0227.jpg
Minnesota,Armament,Gun Deck,9-in,26,9000 lbs,,0004_service:mss:mss23044:mss23044-022:01:0227.jpg
Razee Sloop,Watch-bill,Forecastle,Capt,2,Total,,0005_service:mss:mss23044:mss23044-022:01:0228.jpg
Razee Sloop,Watch-bill,Forecastle,Cox,2,Total,,0005_service:mss:mss23044:mss23044-022:01:0228.jpg
Razee Sloop,Watch-bill,Forecastle,Sea,14,Total,,0005_service:mss:mss23044:mss23044-022:01:0228.jpg
Razee Sloop,Watch-bill,Forecastle,OS,14,Total,,0005_service:mss:mss23044:mss23044-022:01:0228.jpg
Razee Sloop,Watch-bill,Forecastle,Lands,8,Total,,0005_service:mss:mss23044:mss23044-022:01:0228.jpg
Razee Sloop,Watch-bill,Fore Mastmen,Sea,2,1 in 1st part of each Watch,,0005_service:mss:mss23044:mss23044-022:01:0228.jpg
Razee Sloop,Watch-bill,Fore Topmen,Captn,2,Total,,0005_service:mss:mss23044:mss23044-022:01:0228.jpg
Razee Sloop,Watch-bill,Fore Topmen,Cox,2,Total,,0005_service:mss:mss23044:mss23044-022:01:0228.jpg
Razee Sloop,Watch-bill,Fore Topmen,Sea,10,Total,,0005_service:mss:mss23044:mss23044-022:01:0228.jpg
Razee Sloop,Watch-bill,Fore Topmen,OS,16,Total,,0005_service:mss:mss23044:mss23044-022:01:0228.jpg
Razee Sloop,Watch-bill,Fore Topmen,Lands,2,Total,,0005_service:mss:mss23044:mss23044-022:01:0228.jpg
Razee Sloop,Watch-bill,Fore Topmen,Boys,4,Total,,0005_service:mss:mss23044:mss23044-022:01:0228.jpg
Razee Sloop,Watch-bill,Main Topmen,Capt,2,Total,,0005_service:mss:mss23044:mss23044-022:01:0228.jpg
Razee Sloop,Watch-bill,Main Topmen,Cox,2,Total,,0005_service:mss:mss23044:mss23044-022:01:0228.jpg
Razee Sloop,Watch-bill,Main Topmen,Sea,10,Total,,0005_service:mss:mss23044:mss23044-022:01:0228.jpg
Razee Sloop,Watch-bill,Main Topmen,OS,18,Total,,0005_service:mss:mss23044:mss23044-022:01:0228.jpg
Razee Sloop,Watch-bill,Main Topmen,Lands,2,Total,,0005_service:mss:mss23044:mss23044-022:01:0228.jpg
Razee Sloop,Watch-bill,Main Topmen,Boys,4,Total,,0005_service:mss:mss23044:mss23044-022:01:0228.jpg
Razee Sloop,Watch-bill,Main Mastmen,Sea,2,1 in 1st Part of each Watch,,0005_service:mss:mss23044:mss23044-022:01:0228.jpg
Razee Sloop,Watch-bill,Mizen Topmen,Captn,2,Total,,0005_service:mss:mss23044:mss23044-022:01:0228.jpg
Razee Sloop,Watch-bill,Mizen Topmen,Cox,1,Total,,0005_service:mss:mss23044:mss23044-022:01:0228.jpg
Razee Sloop,Watch-bill,Mizen Topmen,Sea,5,Total,,0005_service:mss:mss23044:mss23044-022:01:0228.jpg
Razee Sloop,Watch-bill,Mizen Topmen,OS,12,Total,,0005_service:mss:mss23044:mss23044-022:01:0228.jpg
Razee Sloop,Watch-bill,Mizen Topmen,Boys,8,Total,,0005_service:mss:mss23044:mss23044-022:01:0228.jpg
Razee Sloop,Watch-bill,After Guard,Captn,2,Total,,0005_service:mss:mss23044:mss23044-022:01:0228.jpg
Razee Sloop,Watch-bill,After Guard,Sea,5,Total,,0005_service:mss:mss23044:mss23044-022:01:0228.jpg
Razee Sloop,Watch-bill,After Guard,OS,12,Total,,0005_service:mss:mss23044:mss23044-022:01:0228.jpg
Razee Sloop,Watch-bill,After Guard,Lands,31,Total,,0005_service:mss:mss23044:mss23044-022:01:0228.jpg
Razee Sloop,Watch-bill,Messenger & Sideboys,Messenger & Sideboys,6,"2 in 1st part, & 1 in ea 2d part",,0005_service:mss:mss23044:mss23044-022:01:0228.jpg
Razee Sloop,Watch-bill,Petty Officers,Boatsmates,3,placed,,0005_service:mss:mss23044:mss23044-022:01:0228.jpg
Razee Sloop,Watch-bill,Petty Officers,Qr Masters,6,placed,,0005_service:mss:mss23044:mss23044-022:01:0228.jpg
Razee Sloop,Watch-bill,Petty Officers,Gunr Mate,1,placed,,0005_service:mss:mss23044:mss23044-022:01:0228.jpg
Razee Sloop,Watch-bill,Petty Officers,Qr Gunners,6,placed,,0005_service:mss:mss23044:mss23044-022:01:0228.jpg
Razee Sloop,Watch-bill,Petty Officers,Capts mate,1,placed,,0005_service:mss:mss23044:mss23044-022:01:0228.jpg
Razee Sloop,Watch-bill,Petty Officers,Armorer,1,placed,,0005_service:mss:mss23044:mss23044-022:01:0228.jpg
Razee Sloop,Watch-bill,Petty Officers,Sailmakers mate,1,placed,,0005_service:mss:mss23044:mss23044-022:01:0228.jpg
Razee Sloop,Watch-bill,Petty Officers,Cooper,1,placed,,0005_service:mss:mss23044:mss23044-022:01:0228.jpg
Razee Sloop,Watch-bill,Idlers - Petty Officers,Ships Stewd,1,Idler,,0005_service:mss:mss23044:mss23044-022:01:0228.jpg
Razee Sloop,Watch-bill,Idlers - Petty Officers,MR Stewd,1,Idler,,0005_service:mss:mss23044:mss23044-022:01:0228.jpg
Razee Sloop,Watch-bill,Idlers - Petty Officers,Ships Corpls,2,Idler,,0005_service:mss:mss23044:mss23044-022:01:0228.jpg
Razee Sloop,Watch-bill,Idlers - Petty Officers,Ships Cook,1,Idler,,0005_service:mss:mss23044:mss23044-022:01:0228.jpg
Razee Sloop,Watch-bill,Idlers - Petty Officers,Capts Cook,1,Idler,,0005_service:mss:mss23044:mss23044-022:01:0228.jpg
Razee Sloop,Watch-bill,Idlers - Petty Officers,Mast Arms,1,Idler,,0005_service:mss:mss23044:mss23044-022:01:0228.jpg
Razee Sloop,Watch-bill,Idlers - Petty Officers,Yeoman,1,Idler,,0005_service:mss:mss23044:mss23044-022:01:0228.jpg
Razee Sloop,Watch-bill,Idlers - Petty Officers,Capts Stewd,1,Idler,,0005_service:mss:mss23044:mss23044-022:01:0228.jpg
Razee Sloop,Watch-bill,Idlers - Petty Officers,Sergt Stewd,1,Idler,,0005_service:mss:mss23044:mss23044-022:01:0228.jpg
Razee Sloop,Watch-bill,Idlers - Petty Officers,MR Cook,1,Idler,,0005_service:mss:mss23044:mss23044-022:01:0228.jpg
Razee Sloop,Watch-bill,Idlers - Petty Officers,Capt Hold,1,Idler,,0005_service:mss:mss23044:mss23044-022:01:0228.jpg
Razee Sloop,Watch-bill,Idlers - Petty Officers,ordy Sergt of Marines,1,Idler,,0005_service:mss:mss23044:mss23044-022:01:0228.jpg
Constellation,Armaments,General,10-in gun,2,"87 cwt, 12000 lbs",,0006_service:mss:mss23044:mss23044-022:01:0229.jpg
Constellation,Armaments,General,8-in gun,16,63 cwt,,0006_service:mss:mss23044:mss23044-022:01:0229.jpg
Constellation,Armaments,General,32-pdr,4,57 cwt,,0006_service:mss:mss23044:mss23044-022:01:0229.jpg
Macedonian,Armaments,General,X-in gun,2,12000 lbs,,0006_service:mss:mss23044:mss23044-022:01:0229.jpg
Macedonian,Armaments,General,8-in gun,16,63 cwt,,0006_service:mss:mss23044:mss23044-022:01:0229.jpg
Macedonian,Armaments,General,32-pdr,4,57 cwt,,0006_service:mss:mss23044:mss23044-022:01:0229.jpg
Cumberland,Armaments,General,X-in gun,2,12000 lbs,,0006_service:mss:mss23044:mss23044-022:01:0229.jpg
Cumberland,Armaments,General,8-in gun,6,63 cwt,,0006_service:mss:mss23044:mss23044-022:01:0229.jpg
Cumberland,Armaments,General,32-pdr,16,57 cwt,,0006_service:mss:mss23044:mss23044-022:01:0229.jpg
Savannah,Armaments,General,X-in gun,2,12000 lbs,,0006_service:mss:mss23044:mss23044-022:01:0229.jpg
Savannah,Armaments,General,8-in gun,8,63 cwt,,0006_service:mss:mss23044:mss23044-022:01:0229.jpg
Savannah,Armaments,General,32-pdr,14,57 cwt,,0006_service:mss:mss23044:mss23044-022:01:0229.jpg
Brooklyn,Armaments,General,X-in gun,2,12000 lbs,,0006_service:mss:mss23044:mss23044-022:01:0229.jpg
Brooklyn,Armaments,General,IX-in gun,16,9000 lbs,,0006_service:mss:mss23044:mss23044-022:01:0229.jpg
San Jacinto,Armaments,General,8-in gun,10,55 cwt,,0006_service:mss:mss23044:mss23044-022:01:0229.jpg
San Jacinto,Armaments,General,32-pdr,2,57 cwt,,0006_service:mss:mss23044:mss23044-022:01:0229.jpg
San Jacinto,Armaments,General,64-pdr,1,107 cwt,,0006_service:mss:mss23044:mss23044-022:01:0229.jpg
Saranac,Armaments,General,64-pdr,2,106 cwt,,0006_service:mss:mss23044:mss23044-022:01:0229.jpg
Saranac,Armaments,General,8-in gun,4,55 cwt,,0006_service:mss:mss23044:mss23044-022:01:0229.jpg
Razee Sloop,Manning of Guns,General,XI-inch gun,24 men,"16000 lbs, 1 Powder Man",,0006_service:mss:mss23044:mss23044-022:01:0229.jpg
Razee Sloop,Manning of Guns,General,X-inch gun,20 men,"12000 lbs, 1 Powder Man",,0006_service:mss:mss23044:mss23044-022:01:0229.jpg
Razee Sloop,Manning of Guns,General,IX-inch gun,16 men,"9000 lbs, 1 Powder Man",,0006_service:mss:mss23044:mss23044-022:01:0229.jpg
Razee Sloop,Manning of Guns,General,64-pdr,16 men,"106 cwt, 1 Powder Boy",,0006_service:mss:mss23044:mss23044-022:01:0229.jpg
Razee Sloop,Manning of Guns,General,8-in gun,14 men,"63 cwt, 1 Powder Boy",,0006_service:mss:mss23044:mss23044-022:01:0229.jpg
Razee Sloop,Manning of Guns,General,8-in gun,12 men,"55 cwt, 1 Powder Boy",,0006_service:mss:mss23044:mss23044-022:01:0229.jpg
Razee Sloop,Manning of Guns,General,32-pdr,12 men,"57 cwt, 1 Boy",,0006_service:mss:mss23044:mss23044-022:01:0229.jpg
Razee Sloop,Manning of Guns,General,32-pdr,10 men,"42 & 46 cwt, 1 Boy",,0006_service:mss:mss23044:mss23044-022:01:0229.jpg
Razee Sloop,Manning of Guns,General,32-pdr,8 men,"33 cwt, 1 Boy",,0006_service:mss:mss23044:mss23044-022:01:0229.jpg
Razee Sloop,Manning of Guns,General,32-pdr,6 men,"27 cwt, 1 Boy",,0006_service:mss:mss23044:mss23044-022:01:0229.jpg
Razee Sloop,Voyage Log,General,Marseilles,"November 15, 1852",Reached,,0007_service:mss:mss23044:mss23044-022:01:0230.jpg
Razee Sloop,Voyage Log,General,Marseilles,"November 27, 1852",Left,,0007_service:mss:mss23044:mss23044-022:01:0230.jpg
Razee Sloop,Voyage Log,General,Port Mahon,"November 28, 1852",Reached,,0007_service:mss:mss23044:mss23044-022:01:0230.jpg
Razee Sloop,Voyage Log,General,Port Mahon,"January 5, 1853",Left,,0007_service:mss:mss23044:mss23044-022:01:0230.jpg
Razee Sloop,Voyage Log,General,Barcelona,"January 8, 1853",Reached,,0007_service:mss:mss23044:mss23044-022:01:0230.jpg
Razee Sloop,Voyage Log,General,Barcelona,"March 4, 1853",Left,,0007_service:mss:mss23044:mss23044-022:01:0230.jpg
Razee Sloop,Voyage Log,General,Spezia,"March 11, 1853",Reached,,0007_service:mss:mss23044:mss23044-022:01:0230.jpg
Razee Sloop,Voyage Log,General,Spezia,"March 22, 1853",Left,,0007_service:mss:mss23044:mss23044-022:01:0230.jpg
Razee Sloop,Voyage Log,General,Leghorn,"March 24, 1853",Reached,,0007_service:mss:mss23044:mss23044-022:01:0230.jpg
Razee Sloop,Voyage Log,General,Leghorn,"April 9, 1853",Left,,0007_service:mss:mss23044:mss23044-022:01:0230.jpg
Razee Sloop,Voyage Log,General,Civita Vecchia,"April 11, 1853",Reached,,0007_service:mss:mss23044:mss23044-022:01:0230.jpg
Razee Sloop,Voyage Log,General,Civita Vecchia,"April 28, 1853",Left,,0007_service:mss:mss23044:mss23044-022:01:0230.jpg
Razee Sloop,Voyage Log,General,Leghorn,"April 29, 1853",Reached,,0007_service:mss:mss23044:mss23044-022:01:0230.jpg
Razee Sloop,Voyage Log,General,Leghorn,"May 2, 1853",Left,,0007_service:mss:mss23044:mss23044-022:01:0230.jpg
Razee Sloop,Voyage Log,General,Spezia,"May 3, 1853",Reached,,0007_service:mss:mss23044:mss23044-022:01:0230.jpg
Razee Sloop,Voyage Log,General,Spezia,"May 9, 1853",Left,,0007_service:mss:mss23044:mss23044-022:01:0230.jpg
Razee Sloop,Voyage Log,General,Piraeus,"May 21, 1853",Reached,,0007_service:mss:mss23044:mss23044-022:01:0230.jpg
Razee Sloop,Voyage Log,General,Piraeus,"June 25, 1853",Left,,0007_service:mss:mss23044:mss23044-022:01:0230.jpg
Razee Sloop,Voyage Log,General,Constantinople,"July 5, 1853",Reached,,0007_service:mss:mss23044:mss23044-022:01:0230.jpg
Razee Sloop,Voyage Log,General,Constantinople,"July 26, 1853",Left,,0007_service:mss:mss23044:mss23044-022:01:0230.jpg
Razee Sloop,Voyage Log,General,Bosphorous,"July 26, 1853",Reached,,0007_service:mss:mss23044:mss23044-022:01:0230.jpg
Razee Sloop,Voyage Log,General,Bosphorous,"August 5, 1853",Left,,0007_service:mss:mss23044:mss23044-022:01:0230.jpg
Razee Sloop,Voyage Log,General,Milo,"August 8, 1853",Reached,,0007_service:mss:mss23044:mss23044-022:01:0230.jpg
Razee Sloop,Voyage Log,General,Milo,"August 9, 1853",Left,,0007_service:mss:mss23044:mss23044-022:01:0230.jpg
Razee Sloop,Voyage Log,General,Tripoli,"August 16, 1853",Reached,,0007_service:mss:mss23044:mss23044-022:01:0230.jpg
Razee Sloop,Voyage Log,General,Tripoli,"August 16, 1853",Left,,0007_service:mss:mss23044:mss23044-022:01:0230.jpg
Razee Sloop,Voyage Log,General,Malta,"August 19, 1853",Reached,,0007_service:mss:mss23044:mss23044-022:01:0230.jpg
Razee Sloop,Voyage Log,General,Malta,"August 23, 1853",Left,,0007_service:mss:mss23044:mss23044-022:01:0230.jpg
Razee Sloop,Voyage Log,General,Anchored off Tenedos,"June 29, 1853",6:30 P.M.,,0007_service:mss:mss23044:mss23044-022:01:0230.jpg
Razee Sloop,Voyage Log,General,Anchored off the forts,"June 30, 1853",4:50 P.M.,,0007_service:mss:mss23044:mss23044-022:01:0230.jpg
